API_Num,Surf_Lat,Surf_Lon,Shale_Thk,Base_Shale,Log_Bot,Gross_H,Net_Sand,Total_Por,Water_Dep,Domain
1.77E+13,28.162429,-91.193668,77,2339.03,3693,1353.97,783.2,0.314,311,9
1.77E+13,29.0085117,-90.5273858,114,10951.92,11127.4,175.48,99,0.312,32,6
6.08E+13,28.1636497,-90.3588473,92,8993.03,13552.2,4559.17,2551,0.423,481,4
6.08E+13,28.2569712,-89.2737479,85,14937.08,15034.49,97.41,54,0.32,2799,2
1.77E+13,29.0827158,-92.37051,101,1035.73,6880.2,5844.47,3134,0.33,66,6
1.77E+13,29.1190028,-91.2312278,98,15187.83,15940,752.17,396,0.259,15,6
6.08E+13,27.7319191,-91.540305,731,10364.76,11234,869.24,456,0.239,1694,4
6.08E+13,27.8185977,-88.9200938,81,20948.08,21622,673.92,353,0.182,4785,11
1.77E+13,29.0568096,-92.4516972,128,1808.92,3188,1379.08,672,0.494,77,6
6.08E+13,27.9661769,-88.6781411,75,15029.98,17600,2570.02,1236,0.191,6505,11
1.77E+13,29.2116276,-91.5952452,174,14255.37,14424,168.63,81,0.155,20,6
1.77E+13,29.1921862,-92.6253663,104,12037.3,13010.1,972.8,466,0.126,68,6
4.27E+13,28.52008,-94.838942,107,1117.47,2155,1037.53,493.6,0.36,114,14
1.77E+13,29.1571603,-92.6065207,74,3402.39,8013.7,4611.31,2186,0.426,70,6
1.77E+13,28.945861,-90.646345,141,12179.99,13904,1724.01,814.3,0.243,37,8
1.77E+13,28.467625,-91.820562,95,3292.78,3405,112.22,52,0.325,176,9
6.08E+13,27.9463369,-91.6466202,94,3282.1,7110,3827.9,1767,0.322,622,4
6.08E+13,28.237733,-88.7737539,77,9223.84,9471,247.16,114,0.391,5376,2
1.77E+13,27.96853,-92.644197,61,3466.84,4610,1143.16,515.3,0.32,435,9
6.08E+13,26.2081826,-91.4432328,66,26668.18,28166,1497.82,672,0.292,6959,11
6.08E+13,27.9389152,-91.6471892,100,2138.17,10344.88,8206.71,3629,0.3,670,4
1.77E+13,29.2701888,-91.5904601,50,4490.95,12065,7574.05,3328,0.268,14,6
1.77E+13,28.9797303,-91.0192957,81,4671.1,11766,7094.9,3104,0.281,28,6
1.77E+13,29.2977988,-91.7289121,67,3465.11,10820,7354.89,3195,0.313,15,6
6.08E+13,27.9463209,-91.6465982,58,5484.03,5587.27,103.24,44,0.449,622,4
1.77E+13,29.0984845,-91.0498256,57,13908.57,13970.35,61.78,26,0.32,9,6
6.08E+13,27.364676,-90.180154,55,11880.09,13244.77,1364.68,560.2,0.29,4320,12
1.77E+13,28.9542511,-90.9743584,50,3239.6,4502.37,1262.77,506,0.359,30,6
6.08E+13,27.9413281,-91.637788,152,4236.98,7995.66,3758.68,1492,0.308,717,4
1.77E+13,29.2385447,-91.692458,79,5287.63,8765,3477.37,1376,0.314,17,6
6.08E+13,27.9326148,-91.1683418,65,3217.44,4462,1244.56,490,0.378,706,4
6.08E+13,27.2505333,-90.0337646,127,17575.79,18444,868.21,333,0.281,5405,11
1.77E+13,28.631976,-91.028932,63,3567.22,10448,6880.78,2630,0.338,62,7
1.77E+13,28.9550191,-90.9604,65,4392.45,8276,3883.55,1480,0.377,30,6
6.08E+13,26.112677,-92.058627,125,17293.99,19865,2571.01,973.5,0.285,7103,19
1.77E+13,28.401183,-91.287312,60,3959.06,4910.16,951.1,359.4,0.348,180,9
1.77E+13,29.0975654,-91.2631507,50,3962.33,12129,8166.67,3078,0.281,18,6
6.08E+13,27.9407618,-90.7859671,87,2354.67,3836,1481.33,556,0.471,1225,4
6.08E+13,28.1785988,-89.2216154,204,16436.1,17452,1015.9,380,0.216,2956,2
6.08E+13,26.2980486,-91.0932063,124,25428.9,27890.43,2461.53,911,0.292,7040,11
1.77E+13,28.8835315,-91.9387455,110,16572.59,16755.2,182.61,67,0.31,81,6
1.77E+13,28.244305,-91.457296,104,2016.42,3822.14,1805.72,662,0.353,255,9
6.08E+13,27.084289,-90.794342,86,27220.94,27831.48,610.54,223.1,0.244,5260,12
1.77E+13,29.018426,-89.633335,112,7427.49,10045,2617.51,938.4,0.296,80,5
1.77E+13,29.576985,-88.874527,81,3168.15,4256,1087.85,385.5,0.323,37,21
4.27E+13,28.477852,-94.756384,74,1650.33,2908,1257.67,444.7,0.423,126,14
1.77E+13,29.2480106,-91.4719197,57,14474.13,15220.3,746.17,263,0.242,13,6
6.08E+13,26.7425945,-90.4846048,62,25242.22,27826,2583.78,905,0.242,8143,11
6.08E+13,27.8893836,-90.6096132,80,5173.29,6758,1584.71,550,0.344,1860,4
4.27E+13,29.259504,-94.420679,100,2765.94,14661,11895.06,4127,0.27,48,17
6.08E+13,27.6988311,-90.2805388,85,11342.78,13879,2536.22,875,0.37,3226,4
6.08E+13,26.7425945,-90.4846048,162,24633.09,26602,1968.91,675,0.301,8143,11
6.08E+13,28.1697891,-89.2228694,131,11748.61,18566.5,6817.89,2322,0.214,2945,2
1.77E+13,28.8893331,-92.1482074,148,8003.61,10129.7,2126.09,719,0.278,87,6
6.08E+13,28.2013232,-88.7661086,51,6175.11,14006.7,7831.59,2619,0.404,5639,2
4.27E+13,27.638271,-96.234769,567,7848.04,11887,4038.96,1338.9,0.164,305,17
6.08E+13,28.0155231,-91.0354722,56,7602.72,9321,1718.28,569,0.207,446,4
1.77E+13,29.0658016,-92.1849287,85,4090.5,10830,6739.5,2221,0.416,57,6
1.77E+13,28.080907,-91.875997,97,3627.69,4171.91,544.22,178.8,0.26,315,9
6.08E+13,27.9007204,-91.641419,167,2561.32,8439,5877.68,1916,0.278,922,4
6.08E+13,27.7796453,-90.5191785,55,11703.12,12328.2,625.08,202,0.433,2590,4
4.27E+13,29.313535,-94.218845,79,7974.19,9055,1080.81,348.2,0.24,45,15
1.77E+13,29.2531092,-91.6726234,351,5081.13,12264,7182.87,2306,0.343,20,6
1.77E+13,28.9673873,-92.5023335,65,13738.78,15749.54,2010.76,629,0.125,87,6
6.08E+13,27.7953827,-90.6476861,268,14440.28,18156.3,3716.02,1161,0.317,2978,4
6.08E+13,28.016561,-89.4311502,51,10437.08,12818,2380.92,742,0.248,3797,2
6.08E+13,28.0335836,-89.100645,78,5849.39,12736.4,6887.01,2142,0.452,4000,2
6.08E+13,26.2418827,-90.9856463,148,26361.61,29114,2752.39,854,0.22,7591,11
1.77E+13,28.8591623,-91.8597383,163,5195.34,14228.5,9033.16,2800,0.309,85,6
6.08E+13,28.1828667,-89.207506,176,13934.24,18348,4413.76,1366,0.248,3170,2
1.77E+13,28.596433,-91.961393,95,3680.78,6900,3219.22,992.8,0.321,140,7
1.77E+13,29.655897,-93.53651,61,6573.56,9781,3207.44,974.2,0.325,36,15
6.08E+13,28.2591032,-89.2803341,79,15173.46,19932.1,4758.64,1444,0.3,2828,2
6.08E+13,27.0989324,-90.1731184,111,17133.66,19042,1908.34,574,0.341,7460,11
1.77E+13,29.0689041,-92.5068808,175,5474.35,6915.3,1440.95,433,0.318,77,6
4.27E+13,26.910091,-97.072584,115,1333.39,8214.43,6881.04,2052.8,0.28,115,17
6.08E+13,27.8624435,-90.5392252,93,10931.98,12172.85,1240.87,369,0.277,2046,4
6.08E+13,28.1696841,-89.2229765,50,15004.54,18856.03,3851.49,1144,0.228,2945,2
6.08E+13,28.0041915,-89.1660168,355,22536.15,26476,3939.85,1162,0.2401,4038,2
1.77E+13,28.9351063,-92.5340574,52,13504.86,14161.6,656.74,193,0.308,93,6
1.77E+13,28.86312,-89.403504,88,3804.83,6096.43,2291.6,670.6,0.284,143,5
1.77E+13,28.9030323,-92.4889821,80,3435.38,11915,8479.62,2479,0.338,95,6
6.08E+13,28.1697851,-89.2229725,136,14958.71,17058,2099.29,611,0.322,2945,2
1.77E+13,28.756496,-93.415009,61,2314.38,3719,1404.62,405.4,0.356,93,10
6.08E+13,27.8272173,-91.1192064,54,2393.36,6549.77,4156.41,1199,0.248,1315,4
1.77E+13,28.8776617,-91.9155259,124,7635.65,12910.13,5274.48,1516,0.257,80,6
6.08E+13,27.5621004,-87.7403237,137,15368.83,17594,2225.17,629,0.332,9179,11
6.08E+13,27.9374858,-90.8859769,223,6179.93,9432.05,3252.12,918,0.188,1296,4
1.77E+13,29.0737049,-91.5622031,70,14118.01,15143,1024.99,289,0.246,28,6
6.08E+13,27.8353763,-90.6294887,62,11777.91,13571.88,1793.97,505,0.297,2680,4
1.77E+13,29.2705137,-91.6901289,126,3104.05,13687.72,10583.67,2979,0.152,19,6
6.08E+13,28.4447055,-87.8989733,75,21992.2,25012.8,3020.6,848,0.202,7625,2
6.08E+13,27.8181391,-91.6729898,73,3605.98,4187,581.02,163,0.109,1180,4
1.77E+13,29.2272321,-91.6031514,69,8646.68,11972,3325.32,932,0.287,30,6
6.08E+13,27.2237502,-90.0167801,57,14261.63,17051,2789.37,761,0.342,6612,11
6.08E+13,26.3051264,-91.0864321,64,19556.9,23418,3861.1,1053,0.258,7016,11
6.08E+13,27.1885783,-90.2690221,107,17885.31,20906,3020.69,820,0.229,4420,11
1.77E+13,28.669728,-89.393456,139,5651.07,10464.22,4813.15,1302.9,0.362,450,3
1.77E+13,29.067302,-91.699911,716,5205.88,11490.5,6284.62,1679,0.382,22,6
6.08E+13,27.018592,-90.4251243,103,10461.53,12404.32,1942.79,515,0.389,6647,11
1.77E+13,29.0990504,-92.3193615,65,4997.22,10260,5262.78,1389,0.352,60,6
1.77E+13,28.469437,-93.451961,78,2444.5,6154,3709.5,973.7,0.381,155,10
6.08E+13,28.1698091,-89.2230435,53,7205.52,13078.22,5872.7,1538,0.333,2945,2
1.77E+13,29.2801924,-91.7089035,55,4603.06,12236.4,7633.34,1986,0.309,15,6
6.08E+13,27.8497898,-88.4476056,80,12781.58,15893.52,3111.94,808,0.387,7716,11
6.08E+13,27.6258423,-87.5526185,439,16032.86,20846,4813.14,1235,0.4,9086,11
6.08E+13,28.7011763,-87.9298422,157,8445.75,12594,4148.25,1060,0.332,6997,2
6.08E+13,27.3537699,-89.867311,76,14884.95,20153,5268.05,1326,0.358,5995,11
6.08E+13,26.7439624,-90.493057,96,9117.01,26494,17376.99,4369,0.291,8160,11
6.08E+13,27.2040577,-90.2474965,52,15555.91,20680.61,5124.7,1288,0.317,4317,11
1.77E+13,29.1512883,-91.7597338,155,3525.09,12898,9372.91,2351,0.307,22,6
6.08E+13,28.4529513,-87.6070341,90,9098.23,20740,11641.77,2911,0.525,8169,2
6.08E+13,27.3483611,-89.8161856,90,15414.11,17772,2357.89,589,0.319,6213,11
6.08E+13,28.7263454,-88.597002,53,10443.58,11632.56,1188.98,296,0.368,3290,2
6.08E+13,27.8624435,-90.5392252,139,9551.43,11758,2206.57,546,0.451,2046,4
1.77E+13,29.0873206,-92.5053488,53,3379.75,10025,6645.25,1643,0.291,73,6
1.77E+13,28.8780211,-92.4771877,57,9596.4,10448,851.6,210,0.279,98,6
6.08E+13,28.0467601,-89.0750832,59,4684.96,19045.47,14360.51,3537,0.364,3957,2
1.77E+13,29.1134419,-91.2880344,58,9055.11,12576,3520.89,866,0.261,18,6
1.77E+13,29.139296,-92.989549,129,4743.6,9347,4603.4,1127.93,0.358,70,7
6.08E+13,26.066228,-92.026007,84,19253.91,21015,1761.09,431.1,0.249,7316,19
1.77E+13,28.834996,-89.521815,153,5229.77,6922.54,1692.77,414.3,0.317,223,5
1.77E+13,28.8655691,-91.8631774,62,4956.54,13654.5,8697.96,2119,0.196,82,6
6.08E+13,28.0298468,-90.7960055,56,7947.32,10455.15,2507.83,609,0.318,666,4
4.27E+13,27.719461,-96.71399,231,4603.64,9483,4879.36,1179.8,0.223,108,17
1.77E+13,29.1746027,-92.6211532,70,3092.51,9695,6602.49,1593,0.393,65,6
6.08E+13,28.3457177,-87.7150481,68,14130.8,17131,3000.2,723,0.335,8087,2
6.08E+13,26.2076786,-91.4427088,154,25515.96,28171.87,2655.91,640,0.294,6965,11
1.77E+13,29.2531092,-91.6726234,144,11244.17,14670.2,3426.03,821,0.228,20,6
1.77E+13,29.2227941,-91.6963441,63,15872.42,18619.35,2746.93,652,0.094,19,6
1.77E+13,29.1406717,-92.6656644,72,10164.9,12510,2345.1,554,0.196,66,6
1.77E+13,28.481678,-91.537093,132,1166.23,11510.53,10344.3,2441,0.27,165,7
6.08E+13,26.9734806,-90.3376089,96,8472.5,17429,8956.5,2112,0.361,7729,11
6.08E+13,28.1636137,-90.3589143,75,9729.49,10140.12,410.63,96,0.219,481,4
1.77E+13,28.470963,-92.173793,247,2877.52,3950,1072.48,250,0.326,177,7
6.08E+13,27.228339,-90.0328926,57,15831.89,18067.01,2235.12,514,0.3214,6683,11
6.08E+13,28.241199,-88.4678703,135,15122.48,22167.2,7044.72,1610,0.309,5712,2
6.08E+13,28.1906166,-88.495387,66,17515.33,21750,4234.67,959,0.336,6050,2
1.77E+13,28.921002,-92.2270357,182,10925.71,14059,3133.29,701,0.159,87,6
1.77E+13,29.2605272,-91.4605204,252,14771.8,16616.1,1844.3,411,0.113,11,6
6.08E+13,27.669888,-90.360964,61,9961.93,13915.44,3953.51,876,0.391,3290,4
6.08E+13,27.858283,-91.4218459,80,7184.09,12026,4841.91,1072,0.259,853,4
1.77E+13,29.161785,-89.752243,68,6389.12,8651,2261.88,498.9,0.326,57,5
6.08E+13,27.8832456,-90.9016393,73,7770.51,12375.76,4605.25,1014,0.284,1353,4
1.77E+13,28.095001,-90.673616,54,5408.18,5959,550.82,120.3,0.24,412,8
6.08E+13,28.1942573,-89.1777272,135,6796.87,20015.91,13219.04,2886,0.3,3283,2
6.08E+13,27.8587376,-87.605339,148,15250.06,15782,531.94,114,0.369,9112,11
1.77E+13,29.500707,-93.528298,263,8332.07,12938,4605.93,986.8,0.234,36,15
6.08E+13,28.0336396,-89.100503,76,11529.1,17075,5545.9,1184,0.338,4000,2
6.08E+13,27.260265,-90.0000187,60,15343,18414.27,3071.27,648,0.257,4409,11
6.08E+13,28.8660541,-88.0563888,79,5826.23,14765.88,8939.65,1882,0.446,5418,2
1.77E+13,28.636097,-93.496359,87,3389.71,4318,928.29,195.4,0.352,110,10
1.77E+13,29.0820825,-92.6623812,58,9413.65,10774,1360.35,285,0.153,77,6
6.08E+13,28.2743498,-88.8394997,91,23439.05,24697.16,1258.11,263,0.316,4625,2
1.77E+13,29.000151,-91.250415,63,4960.09,12608,7647.91,1595.61,0.288,13,7
6.08E+13,27.8318889,-91.428749,126,10287.69,15144.02,4856.33,1007,0.457,1075,4
6.08E+13,27.822324,-91.7223392,69,5186.48,6780,1593.52,330,0.329,980,4
6.08E+13,28.7478028,-88.0938468,90,7581.81,16002.1,8420.29,1740,0.33,5836,2
1.77E+13,28.698309,-92.785135,41,2742.35,5800,3057.65,630,0.322,110,7
6.08E+13,28.1697231,-89.2229955,159,11694.01,18009.55,6315.54,1297,0.291,2945,2
4.27E+13,29.280239,-94.31428,106,6754.14,9033,2278.86,466.1,0.274,46,15
6.08E+13,28.1548606,-89.2354888,109,5807.11,11175.36,5368.25,1096,0.347,3013,2
6.08E+13,28.6346574,-87.9821896,85,7696.9,25324.5,17627.6,3597,0.144,7257,2
1.77E+13,28.104061,-90.792357,50,10422.99,10816.81,393.82,79.5,0.241,432,8
1.77E+13,29.506005,-93.745346,179,7232.54,10966,3733.46,752,0.37,35,15
6.08E+13,28.0362506,-90.8913582,196,4991.49,8216,3224.51,649,0.414,480,4
1.77E+13,28.650329,-91.33622,176,1104.79,15184,14079.21,2815,0.31,86,7
6.08E+13,27.9430238,-87.7056458,185,15506.3,16689,1182.7,236,0.42,8807,11
6.08E+13,27.9733921,-91.566784,61,4203.73,10420,6216.27,1234,0.25,718,4
6.08E+13,28.4725396,-88.102861,60,7327.99,16399,9071.01,1792,0.385,6940,2
6.08E+13,27.7844918,-90.9201878,50,7998.95,11985.15,3986.2,778,0.289,2100,4
6.08E+13,28.2569712,-89.2737479,71,3207.5,18057,14849.5,2896,0.3,2799,2
6.08E+13,27.9439875,-91.029259,62,8974.2,11997.13,3022.93,586,0.279,760,4
4.27E+13,28.16018,-94.737494,115,2913.7,6223,3309.3,641,0.276,175,16
1.77E+13,29.2450325,-91.6830587,85,11180.71,14790.8,3610.09,699,0.167,24,6
6.08E+13,28.0435564,-88.5714031,125,12356.36,16767,4410.64,852,0.348,6660,2
6.08E+13,27.9364262,-91.6522374,63,4466.06,5745.1,1279.04,246,0.511,650,4
6.08E+13,27.1711439,-90.1085107,64,15219.95,23952,8732.05,1674,0.332,7146,11
1.77E+13,28.598948,-91.20647,76,4557.94,11248,6690.06,1277.81,0.39,87,7
1.77E+13,28.948144,-89.251092,116,3964.41,6100,2135.59,405.8,0.313,110,21
6.08E+13,27.9439495,-91.029232,102,6257.15,14111,7853.85,1491,0.55,760,4
4.27E+13,28.283363,-95.493598,375,4551.82,8917,4365.18,822.9,0.202,120,17
4.27E+13,27.960678,-95.921163,166,3502.9,11435,7932.1,1494.2,0.242,168,17
6.08E+13,26.5345687,-90.5157385,588,20412.78,24954,4541.22,855,0.339,8835,11
1.77E+13,29.528025,-93.635528,163,7182.14,11431,4248.86,796.1,0.242,35,15
6.08E+13,27.8834526,-90.9015493,76,7835.33,11094,3258.67,607,0.3889,1353,4
6.08E+13,28.5679705,-88.2573914,96,6865.58,14013.36,7147.78,1328,0.498,6427,2
6.08E+13,28.4085966,-88.2174042,190,14371.08,16503.8,2132.72,395,0.2232,6590,2
6.08E+13,27.54395,-87.7655274,220,9377.5,27646,18268.5,3368,0.247,8951,11
1.77E+13,29.0818537,-91.488384,59,9483.9,10906,1422.1,262,0.294,26,6
6.08E+13,28.0315513,-89.9798676,150,10160.57,12064.64,1904.07,350,0.271,1853,2
1.77E+13,29.1518984,-92.6806778,88,11867.88,13390,1522.12,279,0.104,66,6
6.08E+13,26.1298864,-91.3621205,301,24931.72,26854,1922.28,352,0.273,7657,11
1.77E+13,28.944958,-90.053456,106,5547.6,13041.4,7493.8,1372,0.334,90,5
6.08E+13,27.735193,-92.740388,92,20476.42,21140,663.58,120.8,0.248,2115,13
1.77E+13,28.515763,-90.123027,116,5546.42,9066.72,3520.3,636.4,0.339,180,5
4.27E+13,28.245689,-96.263158,67,6449.19,8492,2042.81,368.9,0.241,72,17
1.77E+13,29.093249,-93.089233,135,4835.33,6227,1391.67,250.4,0.328,44,7
6.08E+13,27.8208409,-91.785132,69,13078.42,17939,4860.58,872,0.238,704,4
6.08E+13,28.4368707,-88.3529831,85,6685,15525,8840,1582,0.431,6266,2
6.08E+13,27.885557,-90.0662189,168,9294.28,10680.1,1385.82,248,0.356,2417,2
1.77E+13,28.351504,-93.047107,133,4977.69,7402.96,2425.27,433.5,0.284,175,10
1.77E+13,28.385081,-92.750447,90,4797.41,7601.84,2804.43,489.9,0.339,188,10
1.77E+13,28.9961439,-92.0163708,198,10157.52,12230.8,2073.28,357,0.293,62,6
1.77E+13,28.76919,-91.356276,59,3153.83,4790,1636.17,281.3,0.349,154,7
6.08E+13,28.0335836,-89.100645,65,5878.3,13666,7787.7,1334,0.393,4000,2
1.77E+13,28.384716,-90.810448,102,6221.63,10298,4076.37,697.1,0.312,148,8
1.77E+13,28.51578,-90.123046,94,6552.35,9304,2751.65,469.7,0.283,180,5
6.08E+13,27.6741137,-87.9311721,80,15146,17699,2553,435,0.432,8621,11
6.08E+13,27.7953827,-90.6476861,50,13637.54,17760,4122.46,702,0.513,2985,4
6.08E+13,27.6166705,-88.6598835,153,12133.43,13616,1482.57,252,0.399,5843,11
1.77E+13,29.542857,-88.5622,,3019.46,5719,2699.54,456.3,0.327,137,21
6.08E+13,27.8105021,-90.785777,,8771.31,17670.94,8899.63,1500,0.448,1939,4
6.08E+13,27.2504573,-90.0339856,,11963.77,17412,5448.23,916,0.321,5479,11
6.08E+13,28.1512007,-89.2458551,,5144.88,16352,11207.12,1882,0.232,3106,2
6.08E+13,26.2076186,-91.4429568,,25484.53,25703.2,218.67,36.5,0.314,6960,11
4.27E+13,28.127047,-95.715482,,4203.62,14029,9825.38,1630.6,0.316,134,17
6.08E+13,28.1906166,-88.495387,,6826.43,25709.24,18882.81,3119,0.386,6060,2
6.08E+13,27.8924275,-87.8076117,,12245.51,14570,2324.49,377,0.268,8572,11
6.08E+13,27.8964095,-90.4029554,,3972.57,15618,11645.43,1888,0.316,2345,4
6.08E+13,28.4108115,-88.6437343,,5447.75,23019,17571.25,2837,0.321,4749,2
1.77E+13,28.901893,-89.365919,,4162.72,10111,5948.28,960.3,0.316,90,21
4.27E+13,27.957245,-96.559232,,7632.48,10924,3291.52,530.3,0.223,87,17
6.08E+13,28.0231621,-88.139549,,8444.01,15929,7484.99,1205,0.348,7925,11
1.77E+13,29.653221,-88.864795,,2948.82,8519,5570.18,895.6,0.316,37,21
6.08E+13,28.0151824,-90.5942578,,7893.16,10434.96,2541.8,407,0.292,708,4
6.08E+13,27.8833116,-90.9016813,,7900.71,11690.73,3790.02,606,0.308,1353,4
6.08E+13,28.4688567,-88.2502182,,11365.12,18701.3,7336.18,1156,0.341,6500,2
1.77E+13,28.750886,-89.715373,,7712.14,12122,4409.86,693.7,0.332,267,5
6.08E+13,27.791932,-90.3323463,,21467.54,23292.77,1825.23,287,0.203,2785,4
6.08E+13,28.835235,-88.59421,,6556.84,13237.11,6680.27,1043,0.335,2707,2
1.77E+13,28.666195,-92.530929,,3576.15,14649,11072.85,1707.73,0.356,117,7
6.08E+13,28.7842677,-88.2344688,,12755.74,14334.7,1578.96,243,0.313,4350,2
1.77E+13,28.041481,-92.213141,,2471.86,6530,4058.14,624.2,0.33,347,9
1.77E+13,29.627638,-93.086377,,5790.81,15905,10114.19,1555.6,0.247,31,15
6.08E+13,28.0376934,-89.1144573,,6093.98,15020.22,8926.24,1370,0.3,3927,2
1.77E+13,28.893036,-91.108674,,3499.36,12737,9237.64,1408,0.317,13,7
1.77E+13,29.059785,-89.471492,,6368.83,10419,4050.17,616.3,0.303,35,5
1.77E+13,28.680478,-89.387552,,4740.39,9218,4477.61,678.7,0.312,420,3
1.77E+13,28.512497,-92.451284,,3996.68,10159,6162.32,931,0.304,165,7
1.77E+13,28.074071,-92.698974,,7971.36,9549,1577.64,237.8,0.385,306,10
6.08E+13,28.095283,-90.3516261,,7947.1,12126.63,4179.53,628,0.348,800,4
1.77E+13,28.120385,-91.331433,,3620.02,6167,2546.98,377.3,0.347,345,9
6.08E+13,27.3313666,-89.8601368,,6521.43,18499.99,11978.56,1757,0.232,6171,11
1.77E+13,29.040985,-89.693346,,8020.7,10477.51,2456.81,359.8,0.298,112,5
6.08E+13,28.2843903,-89.2889754,,3091.75,19936,16844.25,2460,0.436,2710,2
1.77E+13,28.948613,-89.627328,,3503.41,5903,2399.59,349.2,0.327,180,5
1.77E+13,28.9707257,-92.022481,,8013.9,13465.27,5451.37,792,0.398,73,6
6.08E+13,27.9465856,-88.1545794,,14598.6,21366,6767.4,981,0.328,7933,11
6.08E+13,27.8832876,-90.9016943,,7761.85,12899.97,5138.12,744,0.315,1353,4
6.08E+13,27.9759009,-90.3057247,,3826.47,9327.36,5500.89,785,0.372,1765,4
6.08E+13,27.9751497,-88.2718377,,15481.64,19617.83,4136.19,586,0.184,7416,11
1.77E+13,29.003713,-89.731617,,4906.45,8018,3111.55,440.5,0.339,137,5
6.08E+13,27.0023375,-90.4366707,,7049.52,7999,949.48,134,0.435,6490,11
6.08E+13,27.8832736,-90.9017013,,7786.95,12006.64,4219.69,594,0.284,1353,4
6.08E+13,27.9465856,-88.1545794,,16003.84,20328,4324.16,608,0.353,7933,11
1.77E+13,28.416894,-91.969329,,3774.33,9649,5874.67,824.1,0.221,188,9
1.77E+13,28.174915,-91.365602,,4392.71,5135.14,742.43,104.1,0.35,309,9
6.08E+13,26.7383276,-90.492209,,20471.98,23847.38,3375.4,472,0.319,8143,11
4.27E+13,27.613284,-96.924067,,4465.8,12920,8454.2,1177.3,0.263,92,17
4.27E+13,28.809297,-95.106483,,6539.03,13890,7350.97,1019.98,0.29,64,17
4.27E+13,27.607381,-96.622365,,3176.6,8455.59,5278.99,724.8,0.288,174,17
6.08E+13,26.8038564,-90.3290795,,15039.33,18321,3281.67,448,0.393,7997,11
1.77E+13,28.813608,-92.602496,,6886.31,13262,6375.69,870,0.296,105,7
6.08E+13,27.7398771,-91.1738178,,2763.51,12962.49,10198.98,1387,0.313,1690,4
1.77E+13,28.703114,-89.391015,,7112.75,9706,2593.25,352.5,0.281,394,3
1.77E+13,28.368218,-91.385106,,3986.49,6929,2942.51,399.7,0.341,199,9
6.08E+13,28.0231621,-88.139549,,13971.08,15728,1756.92,238,0.38,7927,11
6.08E+13,27.1885783,-90.2690221,,16621.55,21009,4387.45,593,0.257,4420,11
1.77E+13,28.267677,-92.787303,,4708.24,6804,2095.76,280.4,0.3,191,10
6.08E+13,28.1548606,-89.2354888,,10838.03,18123.21,7285.18,969,0.213,3013,2
4.27E+13,29.133386,-94.195792,,5113.87,12931,7817.13,1030.2,0.186,40,15
4.27E+13,27.294047,-96.700429,,6694.29,12973.95,6279.66,827.28,0.198,222,17
1.77E+13,28.145707,-92.967267,,4548.3,14882,10333.7,1356.8,0.367,235,10
1.77E+13,29.685846,-93.738215,,5563.27,11658,6094.73,799.2,0.309,25,15
6.08E+13,27.8833226,-90.9016743,,7794.11,10785.92,2991.81,391,0.239,1353,4
6.08E+13,27.8834786,-90.9016103,,7751.78,11777.28,4025.5,526,0.309,1353,4
6.08E+13,28.96172,-88.5200279,,5098.12,7777,2678.88,349,0.307,2266,2
1.77E+13,28.907457,-89.246144,,3871.76,6999,3127.24,407.1,0.347,190,3
6.08E+13,27.469096,-90.562755,,28195.28,30787,2591.72,336.6,0.197,3570,13
1.77E+13,28.330673,-92.783213,,5159.19,8332,3172.81,410.7,0.233,191,10
1.77E+13,29.768572,-88.7088,,2712.14,5032.49,2320.35,298.2,0.355,50,21
1.77E+13,28.429069,-92.87819,,4743.27,8513,3769.73,481.4,0.334,174,10
1.77E+13,28.998547,-89.702716,,5913.22,12015,6101.78,769.2,0.331,140,5
4.27E+13,27.0139124,-96.7897343,,6153.13,7321.55,1168.42,147,0.232,224,17
6.08E+13,26.289373,-91.0685256,,8445.84,28745,20299.16,2552,0.386,7036,11
1.77E+13,29.61202,-93.148301,,5913.03,15910.79,9997.76,1245.5,0.211,38,15
1.77E+13,27.943763,-92.87725,,5531.9,6321,789.1,97.1,0.373,445,9
1.77E+13,28.66967,-89.393442,,4251.71,15376,11124.29,1367.7,0.284,437,3
1.77E+13,29.176837,-89.613883,,7002.13,16859.15,9857.02,1203.3,0.202,35,5
1.77E+13,28.202017,-92.719613,,977.39,6645.03,5667.64,691,0.321,233,7
6.08E+13,27.792555,-92.032508,,20526.88,20914.66,387.78,47.1,0.283,1464,13
6.08E+13,27.303936,-93.538162,,10554.15,16708,6153.85,745.2,0.204,3152,13
1.77E+13,29.293928,-92.264419,,1801.52,4671.3,2869.78,345.4,0.365,21,15
6.08E+13,28.489503,-89.886632,,5882.98,13380,7497.02,901.4,0.268,1518,3
1.77E+13,28.538998,-93.530984,,4379.24,5760,1380.76,161.8,0.335,128,10
4.27E+13,29.036838,-94.658605,,8227.92,10488,2260.08,263.7,0.237,62,17
6.08E+13,27.624865,-90.441013,,19964,20943,979,113.9,0.246,3328,13
1.77E+13,28.947338,-90.322614,,11841.6,15332,3490.4,406,0.264,56,5
1.77E+13,29.043177,-93.113581,,865.77,7907,7041.23,814,0.314,80,7
6.08E+13,27.396473,-90.304577,,26397.1,30472,4074.9,469.2,0.193,4144,12
6.08E+13,27.7838082,-90.4416164,,10218.23,15809.9,5591.67,643,0.287,2634,4
4.27E+13,27.999998,-96.435159,,7061.51,11397,4335.49,495.1,0.2,95,17
6.08E+13,27.488603,-90.321307,,11219.51,13969.78,2750.27,313.5,0.286,3855,12
4.27E+13,29.142204,-94.669964,,3476.41,14307,10830.59,1233.1,0.292,57,17
6.08E+13,27.120972,-91.921955,,18262.66,23132,4869.34,553.4,0.248,5325,13
1.77E+13,29.785615,-88.563055,,2411.52,3896,1484.48,168.1,0.346,93,21
6.08E+13,27.7846318,-89.0840804,,5005.5,22311,17305.5,1937,0.322,4562,11
1.77E+13,29.594103,-88.728873,,3150.74,5710,2559.26,285.6,0.322,58,21
6.08E+13,26.905933,-94.905532,,8924.95,10992.12,2067.17,229.8,0.318,4852,16
1.77E+13,28.765525,-92.360533,,1169.06,14714,13544.94,1501,0.318,113,7
1.77E+13,28.513948,-92.035795,,12948.56,15875,2926.44,323.2,0.16,165,7
1.77E+13,29.681034,-93.167962,,6155.8,16850.59,10694.79,1178.4,0.3,30,15
1.77E+13,29.428878,-89.135578,,4266.83,9929,5662.17,623.8,0.305,8,21
1.77E+13,28.224302,-93.423044,,6407.42,8300,1892.58,208.3,0.298,194,10
1.77E+13,28.90173,-91.187415,,9491.64,11914,2422.36,266,0.308,20,7
1.77E+13,29.039946,-89.726719,,11167.73,13444,2276.27,247.3,0.245,118,5
1.77E+13,28.824045,-89.411806,,2714.98,4895,2180.02,233.7,0.37,227,5
4.27E+13,27.967041,-94.589569,,7204.22,7839,634.78,67.5,0.29,270,10
1.77E+13,28.662916,-89.408097,,9876.08,11053,1176.92,124.2,0.337,448,3
1.77E+13,29.329584,-93.517759,,8294.2,11910.22,3616.02,371.5,0.208,54,15
1.77E+13,28.411304,-90.519274,,10064.01,10802,737.99,75.1,0.421,150,8
1.77E+13,29.419936,-88.737218,,3423.64,7515,4091.36,414.2,0.323,121,21
1.77E+13,28.906308,-92.953813,,4552.05,13545,8992.95,908,0.312,80,7
1.77E+13,28.582757,-93.047642,,6392.74,7955,1562.26,156.6,0.355,125,10
1.77E+13,28.298646,-90.474845,,14586.61,16666,2079.39,206.2,0.242,195,8
1.77E+13,29.505232,-93.294812,,5838.69,10639,4800.31,475.6,0.298,40,15
6.08E+13,29.172035,-87.993686,,6158.89,10744.57,4585.68,453.6,0.13,1726,21
1.77E+13,28.771505,-89.231332,,3986.82,11247.41,7260.59,707.4,0.288,505,3
1.77E+13,29.043458,-92.730007,,5587.31,10709,5121.69,498,0.285,82,7
6.08E+13,26.93864,-94.700555,,12531.66,12940.24,408.58,39.7,0.35,4795,16
6.08E+13,27.9848378,-89.9545299,,2261.75,25908,23646.25,2293,0.341,1657,2
6.08E+13,28.781167,-89.058927,,5939.69,9176,3236.31,311.1,0.345,1023,3
6.08E+13,27.7683548,-91.6118311,,3699.56,7052.36,3352.8,319,0.276,1542,4
1.77E+13,28.663115,-91.953864,,4628.96,15532,10903.04,1037,0.329,124,7
1.77E+13,29.535694,-88.952928,,3415.19,8702,5286.81,502.5,0.427,36,21
4.27E+13,29.51481,-94.030162,,6119.7,13693,7573.3,714.4,0.292,36,15
1.77E+13,27.947048,-93.059926,,5620.32,8454,2833.68,263.4,0.318,432,9
4.27E+13,26.432381,-96.878825,,787.7,1393.71,606.01,56.1,0.296,127,17
1.77E+13,29.306345,-88.335375,,2976.94,3524,547.06,50.6,0.368,224,21
4.27E+13,28.256515,-95.875428,,4805.19,5616,810.81,74.7,0.227,90,17
1.77E+13,29.264146,-93.297404,,6200.66,15243,9042.34,820.5,0.128,57,15
6.08E+13,27.016832,-90.4214412,,8173.3,8948,774.7,69,0.502,6765,11
1.77E+13,28.161217,-93.348953,,4896.68,8400,3503.32,310.9,0.344,225,10
1.77E+13,28.7873,-93.239547,,7242.33,7924.43,682.1,60.5,0.356,88,10
1.77E+13,29.321432,-92.109828,,5784.48,11746,5961.52,524,0.317,19,15
1.77E+13,28.124914,-91.65977,,3398.33,6484,3085.67,269.7,0.281,305,9
1.77E+13,29.25972,-93.331206,,1052.94,12874,11821.06,1027,0.324,57,7
1.77E+13,29.171093,-93.334321,,4257.3,7630,3372.7,291.1,0.362,61,7
1.77E+13,28.683124,-93.593266,,2262.82,7870,5607.18,483.7,0.372,100,10
1.77E+13,28.253077,-91.660642,,3782.99,6929.06,3146.07,270.9,0.333,240,9
1.77E+13,27.95541,-93.260053,,9205.22,10914,1708.78,145,0.327,373,9
1.77E+13,28.443384,-92.663732,,409.19,11958,11548.81,978,0.3,170,7
4.27E+13,27.82282,-95.989565,,4163.91,11118,6954.09,588.5,0.252,202,17
4.27E+13,28.054475,-96.195157,,5325.63,15912,10586.37,890.6,0.127,113,17
6.08E+13,29.209392,-87.947796,,4952.45,9917.65,4965.2,417.1,0.273,1450,21
4.27E+13,27.740088,-96.523065,,5637.3,9306.88,3669.58,306.6,0.17,160,17
1.77E+13,28.411638,-91.275428,,3967.2,11593,7625.8,634,0.305,173,7
1.77E+13,29.017199,-93.501259,,5379.89,7485,2105.11,167.6,0.358,81,10
1.77E+13,28.833939,-89.453111,,4913.73,10843,5929.27,470.5,0.324,183,5
1.77E+13,29.266446,-88.908116,,4639.37,12592,7952.63,622.1,0.222,140,21
1.77E+13,28.98676,-91.464849,,4628.07,9177,4548.93,355.7,0.148,37,7
4.27E+13,28.593836,-95.160601,,3708.44,9930,6221.56,485.9,0.248,95,17
1.77E+13,29.358756,-93.171326,,3430.84,5337,1906.16,148,0.332,48,15
1.77E+13,28.151159,-92.316891,,5028,14097,9069,703.2,0.311,225,7
1.77E+13,28.689196,-90.332194,,17482.6,18739.13,1256.53,97.4,0.326,83,8
4.27E+13,29.18646,-94.397,,5365.39,12920,7554.61,584.8,0.249,51,17
4.27E+13,28.599734,-95.426748,,6429.7,15949,9519.3,734.05,0.22,77,17
4.27E+13,28.724247,-94.898516,,4875.4,8504,3628.6,279.2,0.264,78,17
1.77E+13,28.013284,-92.934611,,4568.75,6717,2148.25,164.4,0.309,350,10
1.77E+13,28.85135,-89.601111,,7723.08,12008,4284.92,324.4,0.286,237,5
4.27E+13,29.319433,-93.972247,,4567.92,9069,4501.08,332.2,0.274,44,15
1.77E+13,28.117422,-92.823536,,3577.41,5207.58,1630.17,119.7,0.453,271,10
1.77E+13,29.569684,-88.735725,,3078.84,6398,3319.16,239.6,0.331,49,21
1.77E+13,29.292426,-93.615262,,13241.82,16886.57,3644.75,262,0.178,44,15
1.77E+13,29.65816,-93.390597,,7284.03,13282,5997.97,428.1,0.28,30,15
1.77E+13,28.477773,-93.336358,,4811.73,6724,1912.27,136.4,0.402,146,10
1.77E+13,29.093249,-93.089233,,4211.88,5686,1474.12,104.8,0.305,44,7
1.77E+13,28.575205,-90.072397,,5160.44,8276.64,3116.2,221.1,0.301,225,5
1.77E+13,28.810189,-89.79214,,7017.11,9251,2233.89,158.2,0.317,200,5
1.77E+13,28.6805,-89.387549,,8642.83,10543,1900.17,134.5,0.326,420,3
1.77E+13,28.024271,-91.438372,,2783.85,9493,6709.15,466.9,0.305,417,9
6.08E+13,27.2237502,-90.0167801,,12756.22,14326,1569.78,109,0.339,6587,11
1.77E+13,29.121467,-89.547282,,6685.28,9563,2877.72,199.6,0.317,35,5
1.77E+13,29.40042,-93.331793,,6674.15,17376.58,10702.43,734.1,0.158,40,15
1.77E+13,28.432501,-91.572544,,4913.18,11894.24,6981.06,477.1,0.32,184,9
1.77E+13,29.668186,-93.049916,,5746.34,8664,2917.66,199,0.305,31,15
1.77E+13,28.697845,-93.040787,,4816.28,7078.47,2262.19,153.6,0.347,109,7
1.77E+13,29.738083,-88.650132,,2779.36,6608,3828.64,259.6,0.323,67,21
1.77E+13,28.90571,-89.242886,,3865.9,9530.96,5665.06,383.6,0.332,195,3
6.08E+13,28.576197,-89.841865,,7911.62,10910.44,2998.82,201.2,0.26,1441,3
1.77E+13,29.163374,-89.765874,,9202.78,15503,6300.22,421.1,0.238,55,5
1.77E+13,28.822619,-90.927016,,5261.28,9647,4385.72,290,0.343,48,7
1.77E+13,28.384663,-90.810489,,4854.24,13149.55,8295.31,544.7,0.282,145,8
1.77E+13,27.94538,-92.355073,,4912.81,7536,2623.19,171.2,0.271,471,9
1.77E+13,29.346001,-88.828072,,3231.89,6121,2889.11,187.6,0.344,132,21
1.77E+13,28.375926,-93.491248,,2978.09,5158,2179.91,141.3,0.348,177,10
1.77E+13,29.050995,-93.367764,,5268.93,6905.29,1636.36,105,0.365,40,10
1.77E+13,29.124215,-93.452106,,4006.79,5929,1922.21,122.8,0.33,70,7
1.77E+13,28.082439,-93.241415,,6741.87,8849,2107.13,134.5,0.248,295,10
1.77E+13,28.462091,-92.811672,,3691.15,5240,1548.85,98.3,0.35,166,10
1.77E+13,28.476743,-92.742425,,5281.58,8911.46,3629.88,230,0.362,150,10
1.77E+13,28.498897,-93.397006,,4288.43,7005.85,2717.42,168.2,0.27,141,10
6.08E+13,27.353488,-94.625337,,8234.61,10034,1799.39,110.9,0.348,3453,16
1.77E+13,28.273882,-92.104119,,5304.9,8385,3080.1,188.8,0.284,217,7
1.77E+13,28.804816,-89.801801,,8012.91,16723,8710.09,524.6,0.248,215,5
1.77E+13,29.171625,-88.603035,,2797.66,6229,3431.34,205,0.397,285,21
1.77E+13,28.717605,-91.493368,,5328.62,14102.08,8773.46,520.4,0.338,85,7
1.77E+13,28.325795,-92.209052,,3430.17,7284,3853.83,228,0.27,205,7
1.77E+13,28.177668,-91.732558,,3128.75,10304,7175.25,422.1,0.302,265,9
1.77E+13,29.308595,-92.317226,,10286.3,12279,1992.7,116.5,0.251,22,15
1.77E+13,29.012418,-89.609772,,7518.12,13527,6008.88,349.5,0.284,105,5
1.77E+13,28.425531,-91.136922,,5833.13,14995,9161.87,528,0.24,149,7
1.77E+13,28.315665,-91.740685,,7437.93,8851,1413.07,81.3,0.25,218,9
1.77E+13,28.319292,-93.231933,,5723.52,7763.95,2040.43,117.2,0.326,178,10
1.77E+13,29.719745,-88.383337,,3151.83,4947,1795.17,102.7,0.3502,128,21
1.77E+13,28.407498,-91.734511,,4480.45,8411,3930.55,222.5,0.368,193,9
1.77E+13,28.29866,-90.474861,,5034.49,5425,390.51,21.8,0.32,197,8
1.77E+13,29.278301,-88.257672,,1703.73,3504,1800.27,99.8,0.362,290,21
4.27E+13,28.865035,-94.819922,,5373.62,9934,4560.38,250,0.265,63,17
1.77E+13,28.37851,-91.766534,,4990.82,9532,4541.18,247.6,0.286,202,9
1.77E+13,29.624704,-93.672908,,8794.68,15368,6573.32,354.6,0.23,35,15
1.77E+13,28.225566,-92.000782,,5409.08,7358,1948.92,103.5,0.245,235,9
1.77E+13,28.804775,-89.801783,,6608.31,11724,5115.69,268.9,0.306,211,5
4.27E+13,28.2565727,-96.2369998,,4101.41,10956.65,6855.24,359.9,0.214,76,17
1.77E+13,28.654996,-93.228781,,5200.44,9216,4015.56,209.3,0.306,113,10
1.77E+13,29.040985,-89.693346,,8703.18,10994,2290.82,119.2,0.269,112,5
1.77E+13,28.299629,-91.992488,,5271.23,7980,2708.77,138.8,0.385,216,9
1.77E+13,28.196283,-90.541212,,7275.98,12591,5315.02,271,0.329,288,8
1.77E+13,28.408881,-91.471596,,3750.43,7309,3558.57,180.7,0.337,187,9
1.77E+13,28.786368,-93.045403,,6304.85,9696,3391.15,172,0.302,90,7
1.77E+13,29.471526,-93.421951,,5504.23,10032,4527.77,229.3,0.271,37,15
4.27E+13,27.909634,-96.327156,,6463.63,13405,6941.37,351.1,0.198,135,17
4.27E+13,28.213814,-94.781613,,2792.87,4226,1433.13,71.7,0.386,168,14
1.77E+13,29.051073,-89.825715,,9109.9,11859.9,2750,137.3,0.226,98,5
1.77E+13,28.227741,-92.016618,,6036.41,14660.69,8624.28,430.1,0.303,240,9
1.77E+13,27.99187,-92.491711,,6055.89,7751,1695.11,84.4,0.307,362,9
1.77E+13,27.98533,-92.589213,,3136.54,5010,1873.46,92.6,0.345,364,9
6.08E+13,28.449614,-88.865335,,14756.2,18998,4241.8,207,0.285,3682,3
1.77E+13,28.851301,-89.601124,,4888.71,5547,658.29,32.1,0.31,237,5
1.77E+13,28.027259,-93.31711,,6473.15,11745,5271.85,257,0.287,325,10
6.08E+13,26.1298864,-91.3621205,,8180,28759,20579,996,0.234,7657,11
1.77E+13,29.605616,-92.901802,,6490.91,9664,3173.09,153.4,0.32,35,15
1.77E+13,28.841228,-89.139558,,2877.88,6813,3935.12,188.3,0.376,532,3
1.77E+13,28.273988,-91.174055,,6616.69,8698,2081.31,97.8,0.313,240,7
4.27E+13,29.130388,-94.546561,,7040.57,10076,3035.43,142.5,0.213,57,17
1.77E+13,28.320652,-90.53617,,4141.28,5207,1065.72,50,0.213,178,8
1.77E+13,29.423851,-93.262886,,6533.93,9259.3,2725.37,127.3,0.283,44,15
1.77E+13,29.43414,-88.575748,,3417.19,5013,1595.81,73.8,0.415,177,21
1.77E+13,28.108755,-91.973716,,5824.33,6202.34,378.01,17.4,0.235,298,9
6.08E+13,27.284819,-94.568723,,8255.99,11755.12,3499.13,158.4,0.326,3767,16
1.77E+13,28.669679,-89.393529,,7205.67,10358,3152.33,142.3,0.313,448,3
1.77E+13,29.003957,-89.556179,,11804.51,13159,1354.49,60.7,0.291,60,5
1.77E+13,29.426729,-88.920851,,4005.22,5937,1931.78,86.5,0.289,50,21
1.77E+13,28.307939,-91.901039,,4532.65,8896,4363.35,194.9,0.334,218,9
4.27E+13,29.280169,-94.322239,,6724.67,7997.5,1272.83,56.7,0.344,51,15
1.77E+13,28.904644,-89.531656,,3699.83,5497,1797.17,79.6,0.342,194,5
1.77E+13,28.818724,-91.735581,,5352.65,10115.2,4762.55,210.3,0.324,80,7
1.77E+13,29.439034,-93.491804,,5841.18,14657,8815.82,385.7,0.261,43,15
1.77E+13,28.179679,-93.419324,,6237.47,10800,4562.53,194.4,0.288,212,10
6.08E+13,28.554179,-89.819354,,5037.29,8347.16,3309.87,140.3,0.318,1556,3
1.77E+13,28.411304,-90.519249,,9544.76,10296,751.24,31.8,0.33,150,8
4.27E+13,28.493583,-95.724447,,5592.82,11896.8,6303.98,262.3,0.188,69,17
6.08E+13,27.730504,-90.575055,,13669.07,16410.32,2741.25,112.1,0.316,3328,13
1.77E+13,28.529324,-92.930929,,4833.23,6515,1681.77,68.2,0.332,150,10
1.77E+13,29.471519,-88.440315,,2152.1,5144.89,2992.79,121.1,0.336,174,21
1.77E+13,29.124889,-89.572625,,8603.15,11900,3296.85,130.8,0.247,40,5
1.77E+13,28.361501,-91.478969,,4507.52,5895.98,1388.46,54.9,0.355,208,9
1.77E+13,28.843738,-89.396307,,6693.81,11132,4438.19,173.1,0.302,181,5
4.27E+13,28.956915,-94.910604,,5863.21,8955,3091.79,120.3,0.208,62,17
1.77E+13,28.901191,-89.614539,,7960.42,11199,3238.58,126,0.302,210,5
1.77E+13,29.594023,-92.907313,,6370.8,12666.18,6295.38,244.9,0.255,33,15
6.08E+13,28.79109,-89.074238,,4932.2,10079,5146.8,198.8,0.397,848,3
1.77E+13,28.528232,-90.094061,,5189.69,8990,3800.31,146.3,0.324,210,5
4.27E+13,26.842302,-96.9802701,,1861.73,7362,5500.27,208,0.253,156,17
1.77E+13,28.9073,-89.241377,,2826.88,6632,3805.12,143.7,0.345,189,3
1.77E+13,29.004083,-89.523185,,9441.18,11687,2245.82,84.7,0.283,50,5
1.77E+13,28.311659,-90.791558,,10175.19,14501,4325.81,161.1,0.288,187,8
6.08E+13,29.181942,-88.167722,,8244.65,10673,2428.35,89.3,0.266,1132,21
1.77E+13,29.451565,-88.424501,,2147.31,5502,3354.69,122.3,0.343,180,21
1.77E+13,28.531341,-93.175667,,3285.74,6290,3004.26,108.8,0.314,137,10
6.08E+13,28.528895,-89.935862,,3302.42,13159,9856.58,350.4,0.313,1389,3
1.77E+13,29.376096,-93.464369,,7000.92,14872,7871.08,278.5,0.389,48,15
1.77E+13,28.357911,-90.927431,,15727.34,16220,492.66,17.3,0.285,165,8
4.27E+13,28.893187,-94.570092,,3544.99,10463,6918.01,242.1,0.218,63,17
1.77E+13,28.062399,-93.385863,,5667.48,6911,1243.52,43.5,0.329,293,10
4.27E+13,27.430513,-96.779527,,4931.7,10925.17,5993.47,209.4,0.266,170,17
4.27E+13,28.432801,-95.270629,,5018.02,12865,7846.98,272.5,0.229,109,17
4.27E+13,28.57674,-94.976676,,9145.03,10521,1375.97,47.7,0.28,101,17
1.77E+13,29.357274,-93.085968,,8096.1,11389,3292.9,113.6,0.2644,48,15
1.77E+13,28.072834,-92.546354,,3979.41,5291.02,1311.61,45.1,0.338,300,9
1.77E+13,28.680481,-89.387573,,7466.25,9877,2410.75,82.7,0.292,426,3
6.08E+13,28.801531,-89.041524,,3842.69,9597,5754.31,196.4,0.344,1014,3
1.77E+13,28.104061,-90.792376,,4446.34,12954,8507.66,290.1,0.323,432,8
1.77E+13,28.38491,-91.211768,,8762.56,11066,2303.44,77,0.287,182,7
1.77E+13,28.8410286,-92.1631058,,7629.59,11618.4,3988.81,132,0.329,97,6
1.77E+13,28.830771,-89.405784,,6488.09,9231.33,2743.24,90,0.363,217,5
4.27E+13,27.337823,-97.113264,,3408.8,14259,10850.2,354.5,0.311,88,17
1.77E+13,27.946437,-93.201696,,4186.17,9478,5291.83,172.8,0.302,395,9
1.77E+13,28.977553,-89.52055,,9650.26,16616,6965.74,223.5,0.252,88,5
1.77E+13,28.735661,-91.18643,,5039.19,13009,7969.81,255.5,0.277,48,7
4.27E+13,26.832698,-96.93988,,4685.75,10653,5967.25,190.8,0.206,156,17
1.77E+13,28.08909,-90.737058,,5457.25,9868,4410.75,140.8,0.215,453,8
1.77E+13,28.577649,-91.885926,,5210.84,10517,5306.16,166.9,0.328,140,7
4.27E+13,28.110553,-96.390613,,6654.69,12136.61,5481.92,170.6,0.269,80,17
1.77E+13,29.3404879,-93.2008318,,4583.24,7303,2719.76,84.3,0.29,53,15
4.27E+13,28.053035,-95.633118,,4564.66,8915.11,4350.45,134.5,0.254,162,17
6.08E+13,27.295798,-94.566901,,8966.38,10184.34,1217.96,37.5,0.319,3752,16
1.77E+13,29.467377,-92.380463,,6653.12,8299.4,1646.28,50.1,0.275,25,15
1.77E+13,28.302093,-91.625071,,3861.18,5877,2015.82,60.8,0.355,227,9
1.77E+13,28.068024,-92.261211,,3553.92,5910,2356.08,70.2,0.33,328,9
6.08E+13,28.737227,-88.824041,,5548.38,12659,7110.62,205.9,0.29,2900,3
6.08E+13,28.036481,-90.027562,,4195.99,15712,11516.01,328.5,0.285,1630,3
1.77E+13,28.262536,-91.647609,,4019.06,7736.53,3717.47,105.7,0.325,239,9
1.77E+13,28.35509,-90.171152,,3301.77,4587,1285.23,36.4,0.33,238,8
1.77E+13,28.317009,-92.915737,,6728.97,18605,11876.03,336.2,0.247,182,10
1.77E+13,28.831529,-89.557804,,9662.73,13609,3946.27,111,0.269,250,5
1.77E+13,29.693685,-93.598098,,5962.06,13483,7520.94,209,0.32,26,15
1.77E+13,27.940749,-91.728833,,7432.15,7972,539.85,15,0.32,472,9
4.27E+13,28.880269,-95.037456,,6414.05,10045.44,3631.39,100.1,0.217,64,17
1.77E+13,29.283095,-89.023444,,6046.1,18997,12950.9,350.6,0.24,48,21
1.77E+13,28.925891,-93.58014,,4864.2,6608,1743.8,47.2,0.328,78,10
1.77E+13,28.801631,-89.299976,,4387.91,15588,11200.09,297,0.23,358,3
1.77E+13,29.294112,-93.013068,,5192.84,9615.07,4422.23,116.7,0.334,56,15
1.77E+13,28.925759,-89.11176,,3690.63,8121.14,4430.51,116.3,0.303,217,3
1.77E+13,28.19622,-90.5412,,8404.84,13207.21,4802.37,124.5,0.401,288,8
1.77E+13,29.484689,-92.79922,,5986.68,11435,5448.32,139.6,0.309,42,15
1.77E+13,28.70628,-93.326422,,5437.66,8212,2774.34,71,0.344,104,10
1.77E+13,28.179525,-91.483098,,3630,12273,8643,219.3,0.305,282,9
1.77E+13,28.062722,-90.739107,,4653.01,9903,5249.99,131.2,0.223,499,8
1.77E+13,29.180141,-93.598786,,4021.06,6912,2890.94,71.8,0.309,59,7
1.77E+13,28.420985,-90.654783,,4995.06,7952,2956.94,73.4,0.193,140,8
1.77E+13,28.018741,-92.254364,,4387.33,8668.65,4281.32,104.5,0.277,395,9
1.77E+13,28.107768,-92.445104,,3119.35,11452,8332.65,200,0.288,297,9
1.77E+13,28.305996,-93.098669,,8392.83,10840,2447.17,58.5,0.263,190,10
1.77E+13,29.389085,-91.776076,,10299.04,16568,6268.96,149.1,0.26,12,15
1.77E+13,28.830782,-89.405788,,4532.32,7613,3080.68,73.2,0.315,228,5
4.27E+13,27.868921,-96.404589,,5839.26,11922.67,6083.41,144.5,0.231,148,17
6.08E+13,27.38876,-90.259495,,22134.92,25484.48,3349.56,78.8,0.249,3979,12
1.77E+13,28.80165,-89.299988,,10583.64,14554,3970.36,92.6,0.256,357,3
1.77E+13,28.662969,-89.40814,,7326,9242,1916,44.6,0.309,448,3
1.77E+13,27.972118,-92.042538,,1576.35,3764.82,2188.47,49.3,0.432,394,9
1.77E+13,28.711376,-89.701827,,5565.04,10265,4699.96,105.8,0.324,295,5
4.27E+13,29.225457,-94.121096,,8237.77,8869.53,631.76,14,0.275,50,15
1.77E+13,29.117432,-88.848879,,7329.19,8166.65,837.46,17.9,0.345,293,21
1.77E+13,28.703091,-89.390975,,7950.42,10444,2493.58,52.2,0.338,394,3
1.77E+13,29.476249,-88.676777,,2699.57,5369,2669.43,55.6,0.352,103,21
4.27E+13,27.197221,-96.769339,,3437.07,9392,5954.93,123.6,0.318,205,17
1.77E+13,28.213584,-90.612973,,10926.26,12506,1579.74,32.6,0.358,265,8
1.77E+13,28.890689,-89.262928,,5858.86,12801,6942.14,142,0.284,228,3
1.77E+13,28.581671,-90.792733,,4039.88,11300,7260.12,147.9,0.312,72,8
1.77E+13,28.335288,-90.042575,,17684.9,19530,1845.1,36.9,0.314,323,8
1.77E+13,28.250371,-93.311418,,6379.47,7856.06,1476.59,28.5,0.359,192,10
1.77E+13,28.590311,-90.80222,,14566,17404,2838,54.6,0.245,67,8
1.77E+13,29.423152,-88.426497,,2627.31,4893,2265.69,43.4,0.324,186,21
1.77E+13,28.694004,-93.386486,,6585.05,7903,1317.95,25.2,0.36,102,10
1.77E+13,28.07281,-92.279507,,3892.93,6313,2420.07,45.8,0.33,321,9
1.77E+13,28.734384,-89.735233,,5293.36,9668,4374.64,81.4,0.317,290,5
1.77E+13,29.307589,-93.315474,,5896.33,13306,7409.67,137.3,0.263,57,15
1.77E+13,28.213584,-90.612951,,6572.75,11094,4521.25,83.4,0.308,265,8
4.27E+13,28.136616,-94.634925,,4518.35,5612,1093.65,19.9,0.26,186,10
1.77E+13,28.147629,-90.767059,,8787.65,12083,3295.35,59.5,0.27,366,8
1.77E+13,29.107739,-93.085101,,6774.07,9735,2960.93,53.3,0.326,70,7
1.77E+13,28.90117,-89.614596,,6729.11,10438,3708.89,65.9,0.319,210,5
1.77E+13,28.849727,-89.816543,,6388.43,11629.33,5240.9,92,0.3,180,5
6.08E+13,28.392392,-89.453364,,10718.04,12160,1441.96,24,0.4,2214,3
1.77E+13,28.912118,-89.511375,,4313.49,5926,1612.51,26.4,0.28,143,5
1.77E+13,28.691588,-89.807559,,12118.34,15330,3211.66,52.5,0.195,306,5
1.77E+13,28.633484,-91.600833,,3228.77,14149,10920.23,178,0.252,119,7
1.77E+13,28.680461,-89.387575,,5759.48,11059,5299.52,86.3,0.329,426,3
1.77E+13,28.691501,-89.807585,,7153.69,12774,5620.31,91.4,0.253,306,5
1.77E+13,28.436383,-90.127699,,6943.66,9192,2248.34,35.8,0.335,213,8
1.77E+13,29.654428,-88.620094,,4854.54,10409,5554.46,86.8,0.292,70,21
1.77E+13,29.290429,-88.665063,,3973.74,8195,4221.26,65.2,0.323,200,21
1.77E+13,29.479599,-88.997468,,5236.71,9392,4155.29,63,0.35,34,21
1.77E+13,29.292412,-93.615237,,5910.12,10623.17,4713.05,71.4,0.24,44,15
4.27E+13,28.308769,-96.174709,,3563.51,13862,10298.49,155.5,0.283,66,17
1.77E+13,29.285396,-88.17945,,4903.12,13300,8396.88,124.9,0.237,307,21
1.77E+13,27.927685,-91.90266,,9680.42,10895,1214.58,18,0.34,550,9
1.77E+13,28.866103,-89.260874,,3914.58,11758,7843.42,114,0.322,284,3
6.08E+13,28.658022,-89.153147,,6887.06,11216,4328.94,62.7,0.306,1048,3
1.77E+13,28.732351,-93.498408,,6314.27,10652,4337.73,61.1,0.283,98,10
4.27E+13,28.336024,-94.647197,,4321.01,5611.85,1290.84,18.1,0.348,147,14
1.77E+13,28.16139,-90.227691,,4607.59,20386,15778.41,219.3,0.314,484,8
1.77E+13,29.430375,-88.116888,,3455.89,9368,5912.11,81.6,0.262,172,21
1.77E+13,28.8855,-89.063645,,5973.19,9176,3202.81,42.3,0.34,390,3
4.27E+13,29.013185,-94.261263,,8720.91,12243.98,3523.07,46.1,0.218,61,15
1.77E+13,28.196261,-90.541212,,7847.15,12964,5116.85,66.6,0.407,288,8
1.77E+13,28.108089,-91.479433,,8482.57,12800,4317.43,54.8,0.277,355,9
1.77E+13,28.78343,-89.242237,,4637.02,9797,5159.98,65.2,0.338,467,3
1.77E+13,29.357372,-87.978591,,4217.62,9885,5667.38,71.4,0.327,317,21
1.77E+13,28.26682,-90.46936,,8557.78,11805,3247.22,39.8,0.352,217,8
1.77E+13,28.496225,-90.679803,,7142.76,8882.6,1739.84,21,0.375,113,8
1.77E+13,28.794886,-92.064657,,5068.91,7079,2010.09,24.2,0.315,150,7
1.77E+13,28.43042,-91.909494,,5306.68,10300,4993.32,59.5,0.32,175,9
1.77E+13,29.383059,-93.636627,,8047.93,12228,4180.07,49.7,0.21,43,15
1.77E+13,28.543979,-92.190208,,4093.78,8589,4495.22,52.7,0.37,150,7
1.77E+13,29.333786,-88.527084,,6546.38,13459,6912.62,80.9,0.24,205,21
1.77E+13,28.222476,-93.179274,,5723.22,7005.7,1282.48,15,0.37,202,10
1.77E+13,28.10407,-90.792345,,10236.53,12379,2142.47,24.6,0.24,432,8
1.77E+13,28.037496,-93.176191,,4173.1,10330,6156.9,70.5,0.385,319,10
1.77E+13,28.063848,-91.486866,,2569.75,4492,1922.25,21.9,0.4,420,9
1.77E+13,28.852434,-93.131096,,6967.21,11100,4132.79,47,0.26,79,10
4.27E+13,28.784792,-95.206583,,6676.48,8982.99,2306.51,26.2,0.23,66,17
1.77E+13,28.662941,-89.408119,,8859.28,14953,6093.72,69.1,0.29,448,3
6.08E+13,29.099336,-88.11927,,5607.27,13198.7,7591.43,85.7,0.263,2441,21
4.27E+13,28.287625,-96.111668,,7608.52,11412,3803.48,41,0.183,75,17
4.27E+13,29.000324,-94.764649,,8187.43,11540,3352.57,36.1,0.24,61,17
1.77E+13,28.830821,-89.405949,,7368.18,12692,5323.82,57.3,0.232,200,5
1.77E+13,28.335267,-90.118255,,3516.65,5013,1496.35,16,0.35,280,8
1.77E+13,28.919432,-93.390442,,4979.85,6557,1577.15,16.7,0.435,70,10
1.77E+13,29.20692,-88.767317,,4308.98,12072,7763.02,80.5,0.368,225,21
1.77E+13,28.541561,-92.335641,,4457.65,11132,6674.35,66.5,0.364,158,7
1.77E+13,29.344998,-88.283973,,3273.42,12947,9673.58,95.4,0.208,208,21
1.77E+13,29.343872,-88.019917,,4639.49,10961,6321.51,61.4,0.271,339,21
1.77E+13,29.526117,-88.280131,,2628.57,5764,3135.43,30.2,0.335,155,21
1.77E+13,29.004143,-89.67899,,11408.04,14011,2602.96,24.8,0.27,140,5
1.77E+13,28.761834,-89.227707,,4078.14,11316,7237.86,68.5,0.307,525,3
1.77E+13,28.089082,-90.736987,,7650.14,12542,4891.86,45,0.253,463,8
1.77E+13,28.248144,-91.132519,,2596.53,4991,2394.47,20.4,0.28,250,7
6.08E+13,28.231852,-89.920971,,9691.5,11991.33,2299.83,19.5,0.285,845,3
1.77E+13,29.086891,-88.734308,,5288.24,8982,3693.76,29.8,0.315,328,3
1.77E+13,28.910468,-93.297034,,7363.52,10083,2719.48,21.3,0.3,74,10
1.77E+13,29.243438,-93.178383,,7390.91,9550,2159.09,16.8,0.39,60,15
1.77E+13,28.032717,-91.76415,,3271.25,5357,2085.75,15.6,0.305,338,9
1.77E+13,28.825102,-89.249624,,6005.38,13605,7599.62,55.7,0.284,373,3
1.77E+13,28.809229,-90.07962,,10654.55,17860,7205.45,49.4,0.244,116,8
6.08E+13,28.862412,-88.920529,,5471.52,10995.95,5524.43,36.7,0.342,1104,3
1.77E+13,28.783408,-89.242294,,3571.08,7042,3470.92,22.9,0.35,492,3
1.77E+13,29.576219,-88.600953,,5959.48,12519,6559.52,42.9,0.31,90,21
1.77E+13,27.860698,-93.413094,,6746.41,10039,3292.59,20.9,0.29,368,9
1.77E+13,29.294082,-93.013055,,5499.15,8605,3105.85,18.6,0.33,60,15
1.77E+13,28.042171,-91.157105,,8648.99,13408,4759.01,27.1,0.3,405,9
1.77E+13,28.836885,-89.14297,,6067.59,8796,2728.41,15.5,0.375,580,3
1.77E+13,29.576729,-88.472785,,6831.12,11846,5014.88,27.8,0.204,147,21
1.77E+13,28.783419,-89.242265,,5225.46,9997.25,4771.79,25.7,0.35,467,3
1.77E+13,28.346305,-90.911636,,4564.47,10665,6100.53,27.9,0.29,165,8
4.27E+13,29.150172,-94.047397,,3752.91,8151.35,4398.44,18.4,0.355,58,15
1.77E+13,28.307637,-90.021941,,7205.88,11315,4109.12,15.8,0.36,366,8
1.77E+13,28.347302,-90.631145,,7576.8,11649,4072.2,15.5,0.28,155,8
6.08E+13,28.250242,-89.921439,,6480.1,11693,5212.9,18.2,0.21,843,3
1.77E+13,29.30885,-92.389126,,6561.66,10956,4394.34,15.2,0.24,28,15
1.77E+13,28.292343,-90.659244,,7661.26,13755,6093.74,20.2,0.345,192,8
1.77E+13,29.744824,-88.802284,,3539.27,8151,4611.73,15.2,0.33,35,21
1.77E+13,28.662939,-89.408141,,5675.76,10316,4640.24,15,0.225,448,3
1.77E+13,28.879253,-89.686022,,4376.95,13906,9529.05,29.2,0.27,202,5
